Tweet,Timestamp,User
"I absolutely love the new features in this update!",2024-08-01 10:15:00,@user1
"Why is this product so expensive? Not worth it at all.",2024-08-02 14:23:00,@user2
"The event was amazing, had a great time!",2024-08-03 09:30:00,@user3
"Customer service is terrible, I’m very disappointed.",2024-08-04 16:45:00,@user4
"Just tried the new app, it’s pretty smooth and user-friendly.",2024-08-05 11:00:00,@user5
"The latest update broke everything, very frustrating.",2024-08-06 19:20:00,@user6
"Had a great experience with this brand, highly recommended!",2024-08-07 08:00:00,@user7
"Not sure what all the hype is about, it’s just okay.",2024-08-08 12:45:00,@user8
"This product has changed my life for the better!",2024-08-09 17:30:00,@user9
"Unreliable service, not going to use it again.",2024-08-10 13:15:00,@user10
